num__LotFrontage,num__LotArea,num__OpenPorchSF,num__MasVnrArea,num__BsmtFinSF1,num__GrLivArea,num__1stFlrSF,num__YearBuilt,num__YearRemodAdd,num__BedroomAbvGr,num__2ndFlrSF,num__BsmtUnfSF,num__GarageArea,num__GarageYrBlt,num__OverallCond,num__OverallQual,num__Age,num__LivingLotRatio,num__FinishedBsmtRatio,num__OverallScore,cat__HasPorch
0.6527533657682196,-0.46318688162914784,-1.7295896328868194,-0.7169771439171534,-1.3088865660212727,-1.5881971878132923,-0.6913603368860579,-0.9194621406122842,-0.9206814212683124,-1.7320508075688774,-0.999721935230765,-0.14564958980382514,1.5479929249543258,-0.9194621406122842,0.5773502691896258,-1.0,0.9194621406122842,1.3386080880355782,-1.312840273766095,-0.30151134457776363,0.0
1.025755289064345,1.0639297302862103,0.6200415665065957,1.7028207168032392,1.3031458354685477,-0.12034365030388876,1.7277024984405123,-1.0770842218601042,-1.0762895488066186,0.5773502691896258,-0.999721935230765,1.2444096532361901,-1.247087172803377,-1.0770842218601042,0.5773502691896258,1.0,1.0770842218601042,0.4496604154197469,0.10940645318491576,0.9045340337332909,1.0
-1.5852581740085334,0.8116235074480206,0.48950649987362815,-0.7169771439171534,0.5453694025088636,0.896644943813481,-0.5125843305801682,0.9720028343615575,0.9984854850374656,0.5773502691896258,1.0330701651224368,-1.5050457613061932,-0.11033210912201458,0.9720028343615575,-1.7320508075688774,-1.0,-0.9720028343615575,-0.44303460795419364,1.4793142448694825,-1.507556722888818,1.0
-0.09325048082403138,-1.412366356105083,0.6200415665065957,-0.2688664289689325,-0.5396286719561387,0.8118958943037001,-0.5237578309742863,1.0245435281108308,0.9984854850374656,0.5773502691896258,0.9663737053390934,0.406285697873828,-0.1905736430289343,1.0245435281108308,0.5773502691896258,1.0,-1.0245435281108308,-1.3452338955011314,-0.27588042428830234,0.9045340337332909,1.0
